{
    "train": {
        "accuracy": 9.157235572583158,
        "loss": 0.9799387089094437
    },
    "val": {
        "accuracy": 9.429549274398767,
        "loss": 0.4164003302721171
    },
    "step": 9
}
