step	accuracy
0	0.6504373465721713
1	1.2268974184055597
2	2.053200159950826
3	3.7714860741723957
4	4.076237176855318
5	5.29424975419662
6	6.288035950167625
7	7.284168568885391
8	8.841603910584526
9	9.157235572583158
